Category,Test Scenario,Test Case,Test Step,Expected Result,Status,Notes,Priority,Severity
Pre-UAT Setup,Environment Configuration,Test Environment,Configure test environment,Environment ready for testing,,,P0,High
Pre-UAT Setup,Data Preparation,Test Data,Prepare test data,Test data available,,,P0,High
Pre-UAT Setup,Device Testing,Test Devices,Ensure test devices available,Multiple devices ready,,,P0,High
Pre-UAT Setup,Monitoring Tools,Performance Monitoring,Setup performance monitoring tools,Monitoring tools active,,,P0,High
Pre-UAT Setup,Error Tracking,Error Tracking,Enable error tracking,Error tracking enabled,,,P0,High
Onboarding & First-Time User Experience,New User Onboarding,Launch App,Launch app as new user,App launches successfully,,,P0,High
Onboarding & First-Time User Experience,New User Onboarding,Segmentation Survey,Complete segmentation survey,Survey displays correctly and completes,,,P0,High
Onboarding & First-Time User Experience,New User Onboarding,Character Assignment,Receive character assignment,Character assigned based on survey,,,P0,High
Onboarding & First-Time User Experience,New User Onboarding,Tutorial System,Complete tutorial system,Tutorial provides clear guidance,,,P0,High
Onboarding & First-Time User Experience,New User Onboarding,Dashboard Access,Access main dashboard,Dashboard loads with assigned character,,,P0,High
Onboarding & First-Time User Experience,New User Onboarding,Error Handling,Verify no errors during onboarding,No errors during onboarding process,,,P0,High
Onboarding & First-Time User Experience,Character Introduction,Character Display,View assigned character on dashboard,Character displays correctly,,,P0,High
Onboarding & First-Time User Experience,Character Introduction,Character Details,Tap character to see details,Character details show accurate information,,,P0,High
Onboarding & First-Time User Experience,Character Introduction,Character Animations,Observe character animations,Animations run smoothly at 60fps,,,P0,High
Onboarding & First-Time User Experience,Character Introduction,Mood Display,Check character mood display,Mood display reflects current state,,,P0,High
Onboarding & First-Time User Experience,Character Introduction,Experience Visualization,Verify experience visualization,Experience visualization works properly,,,P0,High
Team Management System,Team Building Interface,Team Interface,Navigate to team management screen,Team interface loads correctly,,,P0,High
Team Management System,Team Building Interface,Character Slots,View available character slots,Character slots display properly,,,P0,High
Team Management System,Team Building Interface,Drag and Drop,Drag and drop characters to slots,Drag and drop works smoothly,,,P0,High
Team Management System,Team Building Interface,Synergy Calculations,Observe synergy calculations,Synergy calculations update in real-time,,,P0,High
Team Management System,Team Building Interface,Team Saving,Save team configuration,Team saving works correctly,,,P0,High
Team Management System,Team Optimization,Multiple Teams,Create multiple team configurations,Multiple teams can be created,,,P0,High
Team Management System,Team Optimization,Team Comparison,Compare team effectiveness,Team comparison works accurately,,,P0,High
Team Management System,Team Optimization,Optimization Recommendations,Use optimization recommendations,Optimization recommendations are helpful,,,P0,High
Team Management System,Team Optimization,Team Presets,Apply team presets,Team presets work correctly,,,P0,High
Team Management System,Team Optimization,Team Switching,Test team switching,Team switching is smooth,,,P0,High
Gacha Experience System,Gacha Pull Sequence,Gacha Screen,Navigate to gacha screen,Gacha screen loads correctly,,,P0,High
Gacha Experience System,Gacha Pull Sequence,Banner Selection,Select banner,Banner selection works properly,,,P0,High
Gacha Experience System,Gacha Pull Sequence,Single Pull,Perform single pull,Pull animation is engaging,,,P0,High
Gacha Experience System,Gacha Pull Sequence,Pull Animation,Observe pull animation,Character reveal is exciting,,,P0,High
Gacha Experience System,Gacha Pull Sequence,Character Result,View character result,Results are displayed correctly,,,P0,High
Gacha Experience System,Gacha Analytics,Multiple Pulls,Perform multiple pulls,Pull history tracks correctly,,,P0,High
Gacha Experience System,Gacha Analytics,Pull History,Check pull history,Pity progress updates accurately,,,P0,High
Gacha Experience System,Gacha Analytics,Pity Progress,View pity progress,Statistics are accurate,,,P0,High
Gacha Experience System,Gacha Analytics,Pull Statistics,Analyze pull statistics,Recommendations are helpful,,,P0,High
Gacha Experience System,Gacha Analytics,Recommendations,Review recommendations,Analytics provide insights,,,P0,High
Collection Management System,Character Collection,Collection Screen,Navigate to collection screen,Collection screen loads correctly,,,P0,High
Collection Management System,Character Collection,Character Grid,Browse character grid,Character grid displays properly,,,P0,High
Collection Management System,Character Collection,Filtering,Filter by rarity/class,Filtering works accurately,,,P0,High
Collection Management System,Character Collection,Sorting,Sort by different criteria,Sorting functions correctly,,,P0,High
Collection Management System,Character Collection,Character Details,View character details,Character details are comprehensive,,,P0,High
Collection Management System,Character Comparison,Character Selection,Select two characters for comparison,Character selection works properly,,,P0,High
Collection Management System,Character Comparison,Side-by-Side Comparison,View side-by-side comparison,Comparison display is clear,,,P0,High
Collection Management System,Character Comparison,Stat Analysis,Analyze stat differences,Stat differences are accurate,,,P0,High
Collection Management System,Character Comparison,Recommendations,Check recommendations,Recommendations are helpful,,,P0,High
Collection Management System,Character Comparison,Decision Making,Make informed decisions,Decision-making is supported,,,P0,High
Collection Management System,Evolution Planning,Character Selection,Select character for evolution,Evolution paths display correctly,,,P0,High
Collection Management System,Evolution Planning,Evolution Paths,View evolution paths,Material requirements are accurate,,,P0,High
Collection Management System,Evolution Planning,Material Requirements,Check material requirements,Planning tools are helpful,,,P0,High
Collection Management System,Evolution Planning,Evolution Strategy,Plan evolution strategy,Progress tracking works,,,P0,High
Collection Management System,Evolution Planning,Progress Tracking,Track progress,Strategy recommendations are useful,,,P0,High
Performance & Error Handling,Performance Validation,Feature Testing,Test all major features,All features perform smoothly,,,P0,High
Performance & Error Handling,Performance Validation,Frame Rate Monitoring,Monitor frame rates,Frame rates maintain 60fps,,,P0,High
Performance & Error Handling,Performance Validation,Response Time Check,Check response times,Response times <300ms,,,P0,High
Performance & Error Handling,Performance Validation,Memory Usage,Verify memory usage,Memory usage <50MB,,,P0,High
Performance & Error Handling,Performance Validation,Cross-Device Testing,Test on different devices,Performance consistent across devices,,,P0,High
Performance & Error Handling,Error Handling,Network Error Simulation,Simulate network errors,Error boundaries catch errors,,,P0,High
Performance & Error Handling,Error Handling,Data Corruption Test,Test data corruption scenarios,Error recovery works properly,,,P0,High
Performance & Error Handling,Error Handling,Error Boundaries,Verify error boundaries,User experience remains good,,,P0,High
Performance & Error Handling,Error Handling,Error Recovery,Check error recovery,Error reporting functions,,,P0,High
Performance & Error Handling,Error Handling,User Experience Validation,Validate user experience during errors,Graceful degradation occurs,,,P0,High
Cross-System Integration,System Communication,Workout to Character Growth,Test workout completion → character growth,Cross-system communication works,,,P0,High
Cross-System Integration,System Communication,Team to Gacha,Verify team changes → gacha recommendations,Data flow is accurate,,,P0,High
Cross-System Integration,System Communication,Collection to Team,Check collection updates → team optimization,Updates propagate correctly,,,P0,High
Cross-System Integration,System Communication,Progression Tracking,Validate progression tracking,Integration is seamless,,,P0,High
Cross-System Integration,System Communication,Achievement System,Test achievement system,Systems work together,,,P0,High
Success Criteria,Feature Completeness,Component Functionality,Verify all 55+ components functional,All components working correctly,,,P0,High
Success Criteria,Feature Completeness,User Flows,Verify all user flows complete,All flows work end-to-end,,,P0,High
Success Criteria,Feature Completeness,Integrations,Verify all integrations working,All integrations functional,,,P0,High
Success Criteria,Feature Completeness,Feature Accessibility,Verify all features accessible,All features accessible to users,,,P0,High
Success Criteria,User Experience,Navigation,Test intuitive navigation,Navigation is intuitive,,,P0,High
Success Criteria,User Experience,Interactions,Test engaging interactions,Interactions are engaging,,,P0,High
Success Criteria,User Experience,Feedback,Test clear feedback,Feedback is clear and helpful,,,P0,High
Success Criteria,User Experience,Guidance,Test helpful guidance,Guidance is helpful,,,P0,High
Success Criteria,Performance,Animation Performance,Verify 60fps animations,Animations run at 60fps,,,P0,High
Success Criteria,Performance,Response Times,Verify <300ms response times,Response times under 300ms,,,P0,High
Success Criteria,Performance,Memory Usage,Verify <50MB memory usage,Memory usage under 50MB,,,P0,High
Success Criteria,Performance,Smooth Experience,Verify smooth experience,Overall experience is smooth,,,P0,High
Success Criteria,Error Handling,Critical Errors,Verify zero critical errors,No critical errors occur,,,P0,High
Success Criteria,Error Handling,Error Recovery,Verify graceful error recovery,Errors recover gracefully,,,P0,High
Success Criteria,Error Handling,Error Messages,Verify helpful error messages,Error messages are helpful,,,P0,High
Success Criteria,Error Handling,Error Reporting,Verify reliable error reporting,Error reporting is reliable,,,P0,High
Success Criteria,Integration,Cross-System Functionality,Verify seamless cross-system functionality,Systems work seamlessly together,,,P0,High
Success Criteria,Integration,Data Flow,Verify accurate data flow,Data flows accurately between systems,,,P0,High
Success Criteria,Integration,Communication,Verify reliable communication,System communication is reliable,,,P0,High
Success Criteria,Integration,Cohesive Experience,Verify cohesive experience,Overall experience is cohesive,,,P0,High 